{
  "name": "web",
  "type": "project:application",
  "paths": {
    "root": "src",
    "resources": "resources",
    "elements": "resources/elements",
    "attributes": "resources/attributes",
    "valueConverters": "resources/value-converters",
    "bindingBehaviors": "resources/binding-behaviors"
  },
  "transpiler": {
    "id": "babel",
    "fileExtension": ".js"
  },
  "build": {
    "options": {
      "server": "dev",
      "extractCss": "prod",
      "coverage": false
    }
  },
  "platform": {
    "hmr": false,
    "open": false,
    "port": 8080,
    "output": "dist"
  },
  "jquery": {
    "name": "toastr",
    "path": "../node_modules/toastr",
    "main": "toastr",
    "resources": [
      "build/toastr.min.css"
    ],
    "deps": [
      "jquery"
    ]
  }
}
